150.11,0.0124
148.19,0.0104
143.72,0.0101
140.67,0.0451
134.69,0.0119
133.81,0.0037
129.56,0.0388
128.47,0.0124
126.71,0.0170
126.45,0.0095
125.49,0.0082
124.46,0.1108
122.82,0.0365
121.53,0.0493
120.49,0.0394
119.95,0.0387
118.33,0.0255
118.00,0.0332
117.29,0.0288
116.83,0.0264
115.08,0.1027
113.86,0.0174
113.18,0.0198
113.00,0.0126
112.78,0.0141
111.83,0.0050
111.52,0.0075
110.91,0.0278
110.70,0.0271
110.20,0.0465
109.33,0.0116
108.86,0.0163
108.53,0.0447
108.11,0.0022
107.95,0.0089
106.52,0.0489
106.15,0.0372
106.12,0.0408
105.51,0.0106
104.93,0.0145
104.29,0.0182
103.99,0.0251
103.91,0.0208
103.75,0.0537
103.23,0.0393
102.90,0.0096
102.52,0.0066
102.32,0.0026
101.80,0.0257
101.58,0.0032
101.26,0.0485
100.89,0.0032
100.37,0.0315
99.90,0.0082
99.75,0.0271
99.50,0.0181
99.35,0.0043
99.05,0.0320
98.69,0.0402
98.65,0.0203
98.47,0.0165
97.87,0.0289
97.56,0.0320
97.36,0.0368
97.15,0.0020
96.78,0.0152
96.65,0.0090
96.28,0.0025
95.99,0.0397
95.70,0.0120
95.30,0.0023
95.08,0.0032
94.92,0.0053
94.50,0.0988
94.22,0.0103
94.13,0.0603
93.89,0.0299
93.64,0.0323
93.30,0.0006
93.03,0.0114
92.84,0.0091
92.60,0.0704
92.53,0.0521
92.35,0.0050
92.20,0.0151
92.05,0.0337
91.81,0.0291
91.54,0.0181
91.38,0.0222
91.14,0.0412
90.97,0.0169
90.76,0.0271
90.17,0.0045
90.03,0.0254
89.81,0.0083
89.69,0.0423
89.50,0.0078
89.23,0.0011
89.00,0.0081
88.82,0.1666
88.68,0.0583
88.22,0.0138
88.10,0.0174
87.97,0.0195
87.79,0.0110
87.64,0.0068
87.55,0.0046
87.36,0.0358
87.24,0.0881
87.18,0.0075
86.78,0.0058
86.70,0.0792
86.63,0.0182
86.39,0.0148
86.27,0.0191
86.09,0.0399
85.97,0.0944
85.79,0.0223
85.72,0.0299
85.49,0.0416
85.36,0.0396
85.25,0.0271
85.07,0.0111
84.83,0.0706
84.71,0.0002
84.55,0.0259
84.44,0.0209
84.30,0.0023
84.19,0.0163
84.02,0.0306
83.90,0.0090
83.67,0.0497
83.65,0.0112
83.38,0.0358
83.30,0.0159
83.22,0.0084
83.09,0.0268
82.87,0.0521
82.84,0.0420
82.68,0.0282
82.57,0.0087
82.43,0.0421
82.22,0.0317
82.17,0.0404
82.10,0.0115
81.92,0.0176
81.79,0.0452
81.77,0.0031
81.53,0.0346
81.47,0.0241
81.36,0.0069
81.30,0.0325
81.08,0.0259
80.97,0.0087
80.88,0.0143
80.80,0.0666
80.67,0.0553
80.58,0.0133
80.55,0.0331
80.49,0.0188
80.40,0.0046
80.26,0.0862
80.06,0.0065
79.95,0.0085
79.92,0.0370
79.81,0.0446
79.65,0.0133
79.54,0.0972
79.46,0.0689
79.31,0.0356
79.17,0.0088
79.06,0.0168
78.91,0.0113
78.84,0.0108
78.74,0.0123
78.63,0.0508
78.51,0.0246
78.48,0.0122
78.34,0.0015
78.23,0.0080
78.14,0.0192
78.09,0.0196
78.00,0.0057
77.87,0.0066
77.85,0.0271
77.80,0.0038
77.65,0.0348
77.60,0.0036
77.43,0.0619
77.39,0.0122
77.32,0.0207
77.24,0.0293
77.17,0.0853
76.92,0.0330
76.85,0.0421
76.76,0.0071
76.70,0.0059
76.49,0.0153
76.43,0.0075
76.37,0.0255
76.27,0.0326
76.17,0.0090
76.09,0.0159
75.94,0.0087
75.82,0.0322
75.72,0.0093
75.70,0.0123
75.65,0.0376
75.49,0.0150
75.38,0.0136
75.31,0.0211
75.21,0.0146
75.11,0.0248
75.09,0.0136
75.01,0.0238
74.86,0.0168
74.81,0.0129
74.76,0.0199
74.59,0.0264
74.47,0.0231
74.34,0.0597
74.33,0.0081
74.28,0.0184
74.12,0.0102
74.07,0.0085
73.97,0.0138
73.92,0.0554
73.88,0.0082
73.83,0.0117
73.71,0.0264
73.61,0.0290
73.61,0.0060
73.50,0.0117
73.45,0.0317
73.35,0.0039
73.32,0.0142
73.10,0.0347
73.05,0.0186
73.00,0.0186
72.94,0.0031
72.83,0.0779
72.80,0.0106
72.67,0.0039
72.66,0.0017
72.55,0.0629
72.49,0.0145
72.46,0.0444
72.41,0.0506
72.33,0.0307
72.22,0.0276
72.19,0.0978
72.03,0.0081
72.01,0.0136
71.89,0.0617
71.86,0.0136
71.76,0.0035
71.68,0.0252
71.63,0.0071
71.52,0.0133
71.44,0.0452
71.41,0.0303
71.28,0.0081
71.20,0.0000
71.18,0.0189
71.09,0.0443
70.93,0.0053
70.84,0.0329
70.83,0.0078
70.74,0.0116
70.64,0.0053
70.58,0.0239
70.50,0.0109
70.47,0.0168
70.45,0.0084
70.34,0.0074
70.32,0.0204
70.27,0.0327
70.14,0.0209
70.07,0.0138
70.01,0.0096
69.89,0.0076
69.80,0.0373
69.75,0.0251
69.63,0.0023
69.61,0.0185
69.53,0.0509
69.46,0.0110
69.44,0.0060
69.34,0.0890
69.25,0.0379
69.12,0.0047
69.07,0.0012
69.04,0.0387
68.95,0.0342
68.85,0.0537
68.81,0.0227
68.76,0.0564
68.66,0.0032
68.59,0.0766
68.55,0.0190
68.50,0.0208
68.45,0.0722
68.32,0.0170
68.25,0.0162
68.16,0.0102
68.14,0.0214
68.07,0.0129
68.06,0.0015
67.99,0.0243
67.93,0.0312
67.89,0.0382
67.83,0.0105
67.81,0.0471
67.76,0.0606
67.68,0.0102
67.65,0.0243
67.55,0.0016
67.47,0.0060
67.45,0.0115
67.42,0.0248
67.39,0.0166
67.30,0.0007
67.22,0.0127
67.12,0.0190
67.09,0.0486
67.05,0.0036
67.04,0.0215
67.01,0.0091
66.89,0.0413
66.84,0.0071
66.73,0.0344
66.70,0.0015
66.61,0.0090
66.59,0.0270
66.51,0.0010
66.41,0.0311
66.35,0.0285
66.34,0.0202
66.23,0.0054
66.20,0.0302
66.17,0.0434
66.15,0.0094
66.02,0.0251
66.00,0.0146
65.95,0.0154
65.88,0.0100
65.86,0.0151
65.84,0.0168
65.75,0.0336
65.68,0.0126
65.65,0.0502
65.56,0.0070
65.54,0.0210
65.47,0.0232
65.40,0.0181
65.36,0.0120
65.30,0.0935
65.23,0.0225
65.11,0.0050
65.05,0.0234
65.03,0.0019
64.93,0.0035
64.92,0.0324
64.84,0.0047
64.79,0.0277
64.72,0.0428
64.67,0.0023
64.61,0.0655
64.60,0.0072
64.55,0.0081
64.47,0.0420
64.43,0.0012
64.39,0.0028
64.35,0.0769
64.32,0.0056
64.25,0.0116
64.22,0.0133
64.18,0.0187
64.13,0.0036
64.11,0.0676
64.01,0.0286
63.97,0.0137
63.94,0.0720
63.82,0.0240
63.78,0.0126
63.77,0.0041
63.71,0.0279
63.66,0.0328
63.56,0.0143
63.51,0.0177
63.45,0.0096
63.44,0.0035
63.38,0.0297
63.35,0.0080
63.28,0.0165
63.26,0.0222
63.21,0.0012
63.14,0.0404
63.10,0.0155
63.02,0.0031
62.96,0.0130
62.90,0.0160
62.90,0.0059
62.83,0.0128
62.76,0.0033
62.71,0.0418
62.66,0.0020
62.65,0.0141
62.55,0.0230
62.51,0.0135
62.44,0.0229
62.42,0.0246
62.36,0.0183
62.28,0.0277
62.24,0.0032
62.15,0.0028
62.09,0.0379
62.05,0.0199
61.98,0.0131
61.97,0.0158
61.88,0.0013
61.86,0.0071
61.84,0.0148
61.78,0.0501
61.73,0.0229
61.67,0.0074
61.64,0.0143
61.62,0.0007
61.53,0.0088
61.52,0.0074
61.49,0.0074
61.47,0.0105
61.42,0.0141
61.36,0.0400
61.30,0.0040
61.27,0.0059
61.25,0.0067
61.22,0.0099
61.17,0.0027
61.16,0.0177
61.13,0.0221
61.06,0.0288
61.03,0.0154
60.98,0.0150
60.96,0.0070
60.90,0.0043
60.82,0.0086
60.78,0.0122
60.77,0.0413
60.73,0.0137
60.60,0.0081
60.59,0.0137
60.55,0.0255
60.53,0.0115
60.45,0.0020
60.33,0.0190
60.30,0.0120
60.28,0.0294
60.23,0.0050
60.22,0.0101
60.16,0.0207
60.13,0.0099
60.11,0.0195
60.06,0.0005
60.01,0.0085
59.99,0.0140
59.94,0.0107
59.93,0.0046
59.88,0.0144
59.83,0.0112
59.81,0.0460
59.76,0.0165
59.71,0.0213
59.68,0.0021
59.64,0.0265
59.56,0.0047
59.54,0.0079
59.49,0.0164
59.42,0.0066
59.39,0.0085
59.30,0.0013
59.24,0.0033
59.20,0.0063
59.19,0.0047
59.17,0.0236
59.06,0.0338
59.06,0.0156
59.01,0.0524
58.99,0.0188
58.96,0.0030
58.95,0.0165
58.87,0.0177
58.82,0.0086
58.79,0.0234
58.77,0.0164
58.72,0.0060
58.68,0.0334
58.64,0.0058
58.58,0.0275
58.58,0.0218
58.54,0.0143
58.48,0.0164
58.45,0.0035
58.38,0.0025
58.33,0.0540
58.28,0.0240
58.24,0.0071
58.22,0.0195
58.19,0.0172
58.13,0.0172
58.10,0.0298
58.09,0.0045
58.02,0.0052
57.97,0.0210
57.95,0.0166
57.88,0.0170
57.85,0.0294
57.81,0.0234
57.78,0.0045
57.73,0.0038
57.70,0.0011
57.66,0.0139
57.64,0.0138
57.62,0.0088
57.60,0.0093
57.55,0.0186
57.53,0.0065
57.49,0.0107
57.46,0.0091
57.42,0.0170
57.37,0.0056
57.31,0.0118
57.26,0.0297
57.24,0.0210
57.23,0.0147
57.20,0.0097
57.19,0.0133
57.12,0.0022
57.10,0.0194
57.04,0.0366
57.00,0.0127
56.98,0.0393
56.95,0.0124
56.91,0.0125
56.82,0.0088
56.81,0.0360
56.76,0.0241
56.75,0.0164
56.66,0.0110
56.64,0.0466
56.59,0.0439
56.55,0.0189
56.53,0.0045
56.48,0.0159
56.46,0.0043
56.41,0.0061
56.39,0.0328
56.34,0.0191
56.30,0.0105
56.26,0.0752
56.20,0.0715
56.19,0.0050
56.10,0.0210
56.08,0.0244
56.02,0.0082
55.98,0.0293
55.94,0.0051
55.89,0.0387
55.87,0.0007
55.85,0.0092
55.81,0.0422
55.73,0.0052
55.73,0.0138
55.71,0.0150
55.67,0.0085
55.65,0.0154
55.60,0.0248
55.57,0.0254
55.52,0.0376
55.49,0.0484
55.47,0.0388
55.44,0.0081
55.41,0.0125
55.37,0.0023
55.34,0.0180
55.31,0.0175
55.27,0.0018
55.25,0.0241
55.21,0.0086
55.14,0.0122
55.13,0.0064
55.11,0.0014
55.06,0.0118
55.04,0.0129
55.01,0.0090
54.99,0.0133
54.90,0.0209
54.89,0.0208
54.85,0.0054
54.83,0.0066
54.79,0.0218
54.77,0.0118
54.74,0.0112
54.71,0.0184
54.68,0.0003
54.61,0.0612
54.60,0.0104
54.56,0.0094
54.52,0.0056
54.49,0.0136
54.44,0.0196
54.42,0.0076
54.36,0.0240
54.34,0.0208
54.32,0.0152
54.29,0.0105
54.27,0.0113
54.24,0.0164
54.20,0.0160
54.18,0.0058
54.15,0.0024
54.12,0.0155
54.11,0.0116
54.04,0.0293
54.00,0.0232
53.99,0.0017
53.95,0.0036
53.94,0.0256
53.91,0.0228
53.89,0.0062
53.87,0.0048
53.86,0.0208
53.78,0.0479
53.75,0.0075
53.71,0.0075
53.67,0.0138
53.65,0.0057
53.60,0.0348
53.58,0.0229
53.54,0.0245
53.50,0.0186
53.49,0.0199
53.48,0.0113
53.42,0.0187
53.39,0.0139
53.38,0.0073
53.35,0.0019
53.31,0.0264
53.29,0.0064
53.25,0.0327
53.20,0.0164
53.16,0.0448
53.15,0.0055
53.10,0.0252
53.07,0.0288
53.05,0.0102
53.00,0.0196
52.96,0.0132
52.96,0.0102
52.92,0.0008
52.91,0.0099
52.88,0.0034
52.85,0.0042
52.81,0.0026
52.80,0.0191
52.78,0.0025
52.75,0.0170
52.71,0.0261
52.66,0.0118
52.64,0.0220
52.62,0.0247
52.56,0.0232
52.55,0.0112
52.50,0.0167
52.49,0.0057
52.44,0.0296
52.39,0.0695
52.37,0.0388
52.35,0.0106
52.30,0.0298
52.24,0.0086
52.21,0.0159
52.17,0.0238
52.16,0.0035
52.10,0.0219
52.10,0.0428
52.04,0.0136
52.02,0.0130
52.01,0.0039
51.96,0.0243
51.90,0.0011
51.88,0.0325
51.87,0.0056
51.84,0.0060
51.81,0.0173
51.79,0.0378
51.76,0.0112
51.74,0.0054
51.69,0.0287
51.63,0.0092
51.60,0.0074
51.57,0.0031
51.52,0.0029
51.50,0.0010
51.48,0.0027
51.44,0.0018
51.43,0.0086
51.39,0.0085
51.37,0.0048
51.35,0.0126
51.31,0.0053
51.27,0.0035
51.26,0.0273
51.23,0.0103
51.20,0.0136
51.19,0.0212
51.13,0.0163
51.12,0.0129
51.09,0.0049
51.06,0.0243
51.03,0.0178
51.03,0.0044
50.97,0.0025
50.96,0.0079
50.89,0.0026
50.87,0.0045
50.86,0.0038
50.84,0.0971
50.79,0.0173
50.79,0.0060
50.76,0.0173
50.75,0.0009
50.70,0.0097
50.65,0.0021
50.64,0.0029
50.62,0.0073
50.58,0.0284
50.54,0.0217
50.52,0.0015
50.52,0.0419
50.48,0.0059
50.43,0.0037
50.41,0.0111
50.40,0.0195
50.37,0.0236
50.35,0.0117
50.31,0.0134
50.28,0.0342
50.22,0.0077
50.20,0.0058
50.16,0.0113
50.14,0.0004
50.11,0.0211
50.10,0.0157
50.06,0.0274
50.05,0.0019
49.98,0.0368
49.96,0.0259
49.93,0.0265
49.90,0.0097
49.86,0.0211
49.84,0.0188
49.81,0.0046
49.78,0.0239
49.73,0.0072
49.70,0.0286
49.69,0.0286
49.65,0.0076
49.58,0.0107
49.56,0.0033
49.54,0.0157
49.46,0.0299
49.43,0.0037
49.41,0.0334
49.38,0.0003
49.33,0.0111
49.30,0.0252
49.29,0.0092
49.28,0.0034
49.25,0.0110
49.20,0.0064
49.19,0.0182
49.18,0.0255
49.15,0.0000
49.11,0.0128
49.08,0.0046
49.07,0.0001
49.06,0.0155
49.02,0.0069
48.98,0.0304
48.95,0.0086
48.93,0.0125
48.91,0.0007
48.90,0.0030
48.86,0.0223
48.84,0.0073
48.80,0.0124
48.77,0.0111
48.74,0.0089
48.72,0.0137
48.67,0.0405
48.66,0.0062
48.62,0.0090
48.61,0.0270
48.57,0.0138
48.53,0.0081
48.52,0.0043
48.51,0.0208
48.47,0.0077
48.42,0.0146
48.40,0.0102
48.38,0.0097
48.35,0.0241
48.31,0.0095
48.31,0.0121
48.29,0.0137
48.26,0.0101
48.23,0.0009
48.21,0.0059
48.17,0.0077
48.15,0.0178
48.11,0.0074
48.09,0.0194
48.08,0.0185
48.06,0.0084
48.02,0.0222
47.99,0.0036
47.96,0.0029
47.96,0.0012
47.93,0.0009
47.90,0.0008
47.88,0.0097
47.85,0.0296
47.82,0.0129
47.79,0.0227
47.76,0.0122
47.74,0.0081
47.73,0.0040
47.70,0.0066
47.67,0.0177
47.63,0.0097
47.60,0.0080
47.58,0.0175
47.54,0.0173
47.54,0.0060
47.52,0.0080
47.49,0.0153
47.45,0.0030
47.38,0.0300
47.38,0.0203
47.35,0.0222
47.33,0.0152
47.30,0.0056
47.29,0.0089
47.26,0.0132
47.22,0.0170
47.21,0.0199
47.19,0.0047
47.15,0.0113
47.11,0.0090
47.10,0.0097
47.06,0.0064
47.05,0.0089
47.04,0.0049
46.99,0.0082
46.96,0.0002
46.91,0.0034
46.87,0.0034
46.86,0.0047
46.83,0.0319
46.82,0.0140
46.79,0.0050
46.77,0.0130
46.73,0.0097
46.71,0.0091
46.68,0.0145
46.66,0.0070
46.62,0.0021
46.59,0.0133
46.55,0.0020
46.54,0.0290
46.52,0.0255
46.49,0.0009
46.47,0.0096
46.46,0.0031
46.44,0.0420
46.38,0.0066
46.34,0.0733
46.32,0.0103
46.29,0.0077
46.28,0.0227
46.22,0.0041
46.21,0.0059
46.19,0.0012
46.18,0.0033
46.13,0.0015
46.12,0.0058
46.11,0.0074
46.09,0.0117
46.07,0.0106
46.02,0.0318
45.98,0.0208
45.97,0.0167
45.95,0.0220
45.92,0.0347
45.89,0.0078
45.88,0.0100
45.85,0.0036
45.83,0.0102
45.78,0.0053
45.77,0.0216
45.76,0.0045
45.73,0.0003
45.70,0.0047
45.67,0.0082
45.63,0.0111
45.61,0.0049
45.59,0.0511
45.57,0.0247
45.55,0.0007
45.53,0.0042
45.51,0.0168
45.47,0.0094
45.42,0.0073
45.39,0.0202
45.39,0.0372
45.37,0.0106
45.34,0.0310
45.30,0.0044
45.30,0.0217
45.26,0.0373
45.25,0.0184
45.21,0.0126
45.17,0.0471
45.16,0.0235
45.15,0.0255
45.09,0.0297
45.07,0.0302
45.07,0.0192
45.03,0.0255
44.97,0.0084
44.97,0.0183
44.95,0.0022
44.89,0.0405
44.86,0.0325
44.80,0.0100
44.80,0.0084
44.78,0.0434
44.73,0.0077
44.71,0.0228
44.69,0.0362
44.65,0.0220
44.60,0.0164
44.59,0.0081
44.58,0.0097
44.55,0.0424
44.53,0.0234
44.51,0.0112
44.51,0.0106
44.48,0.0369
44.44,0.0115
44.40,0.0057
44.34,0.0100
44.34,0.0081
44.32,0.0054
44.29,0.0162
44.26,0.0072
44.25,0.0125
44.23,0.0096
44.21,0.0140
44.18,0.0243
44.16,0.0188
44.12,0.0028
44.09,0.0224
44.07,0.0090
44.05,0.0006
44.03,0.0068
44.00,0.0086
43.98,0.0046
43.90,0.0064
43.87,0.0099
43.85,0.0021
43.83,0.0091
43.82,0.0108
43.79,0.0036
43.75,0.0217
43.73,0.0338
43.70,0.0060
43.69,0.0041
43.66,0.0296
43.64,0.0033
43.62,0.0086
43.60,0.0114
43.58,0.0024
43.55,0.0121
43.54,0.0053
43.49,0.0097
43.47,0.0064
43.45,0.0048
43.43,0.0083
43.42,0.0041
43.39,0.0025
43.37,0.0148
43.34,0.0119
43.31,0.0124
43.28,0.0252
43.27,0.0054
43.23,0.0211
43.20,0.0269
43.19,0.0092
43.18,0.0030
43.15,0.0111
43.13,0.0150
43.11,0.0004
43.10,0.0210
43.04,0.0044
43.02,0.0063
42.99,0.0045
42.98,0.0068
42.95,0.0020
42.92,0.0138
42.90,0.0180
42.86,0.0096
42.83,0.0038
42.82,0.0177
42.81,0.0245
42.76,0.0015
42.75,0.0085
42.71,0.0038
42.66,0.0045
42.66,0.0075
42.65,0.0030
42.59,0.0031
42.58,0.0149
42.53,0.0064
42.52,0.0109
42.49,0.0250
42.45,0.0071
42.43,0.0067
42.42,0.0059
42.39,0.0025
42.34,0.0005
42.28,0.0039
42.26,0.0063
42.25,0.0111
42.22,0.0032
42.20,0.0087
42.19,0.0058
42.17,0.0160
42.15,0.0153
42.10,0.0138
42.07,0.0141
42.05,0.0040
42.03,0.0014
42.01,0.0020
41.98,0.0183
41.97,0.0011
41.96,0.0183
41.92,0.0052
41.89,0.0227
41.88,0.0028
41.85,0.0184
41.83,0.0441
41.78,0.0293
41.77,0.0219
41.76,0.0126
41.73,0.0100
41.71,0.0445
41.68,0.0122
41.67,0.0069
41.64,0.0059
41.60,0.0187
41.59,0.0038
41.57,0.0072
41.55,0.0151
41.53,0.0040
41.52,0.0023
41.46,0.0036
41.45,0.0033
41.44,0.0227
41.41,0.0441
41.39,0.0025
41.38,0.0072
41.36,0.0214
41.34,0.0242
41.33,0.0038
41.28,0.0331
41.25,0.0211
41.24,0.0148
41.19,0.0088
41.19,0.0164
41.14,0.0240
41.12,0.0004
41.10,0.0040
41.05,0.0122
41.02,0.0060
41.01,0.0063
40.99,0.0048
40.97,0.0096
40.95,0.0027
40.92,0.0501
40.90,0.0114
40.88,0.0056
40.86,0.0087
40.83,0.0071
40.81,0.0113
40.79,0.0195
40.77,0.0118
40.75,0.0013
40.73,0.0023
40.72,0.0140
40.70,0.0217
40.62,0.0054
40.60,0.0136
40.58,0.0107
40.55,0.0084
40.52,0.0194
40.50,0.0200
40.50,0.0026
40.49,0.0109
40.45,0.0159
40.43,0.0054
40.40,0.0381
40.38,0.0055
40.37,0.0346
40.36,0.0167
40.35,0.0239
40.32,0.0267
40.30,0.0117
40.28,0.0016
40.26,0.0197
40.26,0.0030
40.25,0.0241
40.23,0.0032
40.22,0.0051
40.17,0.0008
40.15,0.0122
40.14,0.0204
40.11,0.0050
40.10,0.0256
40.08,0.0086
40.06,0.0039
40.05,0.0047
40.02,0.0041
39.99,0.0236
39.99,0.0090
39.96,0.0009
39.93,0.0036
39.89,0.0096
39.87,0.0039
39.83,0.0101
39.80,0.0085
39.79,0.0007
39.77,0.0053
39.76,0.0053
39.73,0.0012
39.71,0.0309
39.69,0.0049
39.65,0.0021
39.63,0.0207
39.60,0.0028
39.56,0.0010
39.52,0.0008
39.51,0.0025
39.48,0.0714
39.47,0.0211
39.44,0.0769
39.44,0.0364
39.40,0.0037
39.36,0.0147
39.34,0.0368
39.31,0.0056
39.28,0.0104
39.24,0.0183
39.23,0.0022
39.21,0.0208
39.17,0.0035
39.16,0.0092
39.11,0.0051
39.08,0.0112
39.06,0.0226
39.05,0.0107
39.03,0.0100
39.01,0.0110
38.99,0.0029
38.97,0.0367
38.96,0.0092
38.94,0.0223
38.91,0.0118
38.89,0.0039
38.86,0.0098
38.85,0.0199
38.82,0.0016
38.78,0.0232
38.76,0.0096
38.73,0.0185
38.71,0.0094
38.68,0.0197
38.66,0.0083
38.64,0.0172
38.63,0.0158
38.57,0.0193
38.55,0.0040
38.54,0.0442
38.50,0.0108
38.47,0.0335
38.46,0.0189
38.42,0.0170
38.40,0.0029
38.39,0.0065
38.36,0.0253
38.36,0.0192
38.31,0.0273
38.29,0.0252
38.25,0.0126
38.23,0.0114
38.19,0.0077
38.15,0.0036
38.13,0.0007
38.12,0.0035
38.11,0.0199
38.08,0.0062
38.05,0.0085
38.03,0.0172
37.99,0.0001
37.97,0.0050
37.96,0.0263
37.94,0.0096
37.91,0.0315
37.90,0.0100
37.89,0.0207
37.88,0.0021
37.86,0.0065
37.82,0.0084
37.81,0.0322
37.75,0.0069
37.72,0.0257
37.72,0.0405
37.69,0.0839
37.64,0.0100
37.61,0.0611
37.59,0.0102
37.57,0.0007
37.55,0.0052
37.52,0.0593
37.50,0.0047
37.49,0.0012
37.46,0.0038
37.45,0.0016
37.43,0.0041
37.41,0.0206
37.40,0.0050
37.37,0.0133
37.36,0.0155
37.33,0.0046
37.32,0.0112
37.30,0.0066
37.28,0.0087
37.26,0.0278
37.24,0.0061
37.23,0.0085
37.21,0.0032
37.20,0.0059
37.19,0.0057
37.16,0.0028
37.14,0.0256
37.10,0.0038
37.09,0.0251
37.07,0.0085
37.02,0.0085
37.00,0.0042
36.98,0.0086
36.97,0.0087
36.96,0.0110
36.94,0.0082
36.92,0.0260
36.91,0.0033
36.87,0.0155
36.86,0.0042
36.83,0.0239
36.81,0.0058
36.80,0.0129
36.77,0.0071
36.75,0.0168
36.75,0.0246
36.71,0.0002
36.70,0.0167
36.68,0.0061
36.67,0.0258
36.65,0.0000
36.65,0.0127
36.61,0.0200
36.59,0.0089
36.57,0.0027
36.54,0.0104
36.52,0.0041
36.51,0.0145
36.50,0.0032
36.47,0.0040
36.46,0.0234
36.42,0.0152
36.41,0.0218
36.39,0.0048
36.38,0.0135
36.36,0.0108
36.35,0.0334
36.32,0.0268
36.30,0.0011
36.27,0.0025
36.26,0.0073
36.24,0.0064
36.23,0.0116
36.21,0.0088
36.19,0.0125
36.17,0.0032
36.15,0.0041
36.13,0.0256
36.12,0.0024
36.08,0.0164
36.08,0.0139
36.06,0.0075
36.02,0.0033
36.01,0.0090
35.99,0.0127
35.97,0.0022
35.96,0.0002
35.95,0.0149
35.93,0.0130
35.91,0.0053
35.89,0.0032
35.88,0.0053
35.87,0.0081
35.85,0.0027
35.82,0.0053
35.82,0.0120
35.80,0.0054
35.79,0.0082
35.78,0.0143
35.77,0.0020
35.75,0.0055
35.73,0.0067
35.73,0.0039
35.72,0.0061
35.69,0.0150
35.68,0.0051
35.65,0.0245
35.63,0.0317
35.60,0.0022
35.57,0.0105
35.55,0.0053
35.54,0.0046
35.53,0.0070
35.50,0.0051
35.48,0.0044
35.47,0.0083
35.46,0.0369
35.42,0.0048
35.40,0.0010
35.37,0.0055
35.35,0.0014
35.32,0.0103
35.32,0.0325
35.28,0.0057
35.25,0.0035
35.25,0.0065
35.24,0.0188
35.23,0.0071
35.22,0.0055
35.19,0.0139
35.19,0.0090
35.16,0.0063
35.13,0.0019
35.13,0.0068
35.10,0.0196
35.09,0.0215
35.07,0.0049
35.04,0.0055
35.02,0.0096
34.98,0.0034
34.96,0.0103
34.94,0.0124
34.93,0.0106
34.92,0.0116
34.91,0.0155
34.90,0.0063
34.88,0.0146
34.87,0.0064
34.85,0.0093
34.82,0.0012
34.81,0.0122
34.77,0.0067
34.73,0.0151
34.71,0.0273
34.70,0.0074
34.70,0.0105
34.68,0.0143
34.66,0.0311
34.65,0.0026
34.64,0.0236
34.62,0.0115
34.60,0.0109
34.59,0.0054
34.58,0.0072
34.56,0.0065
34.56,0.0062
34.54,0.0047
34.53,0.0018
34.51,0.0351
34.49,0.0024
34.46,0.0269
34.46,0.0085
34.46,0.0179
34.42,0.0143
34.41,0.0139
34.40,0.0160
34.38,0.0077
34.35,0.0017
34.35,0.0170
34.33,0.0006
34.32,0.0059
34.30,0.0050
34.28,0.0169
34.27,0.0091
34.24,0.0067
34.21,0.0030
34.21,0.0117
34.19,0.0001
34.17,0.0101
34.14,0.0018
34.13,0.0008
34.12,0.0159
34.09,0.0065
34.09,0.0059
34.07,0.0277
34.05,0.0078
34.05,0.0176
34.01,0.0099
33.97,0.0123
33.96,0.0069
33.95,0.0011
33.94,0.0137
33.92,0.0125
33.89,0.0134
33.88,0.0052
33.88,0.0136
33.86,0.0017
33.85,0.0059
33.84,0.0008
33.82,0.0034
33.81,0.0144
33.78,0.0039
33.77,0.0065
33.74,0.0186
33.71,0.0067
33.69,0.0049
33.67,0.0057
33.65,0.0037
33.64,0.0151
33.61,0.0034
33.60,0.0048
33.59,0.0090
33.57,0.0103
33.56,0.0036
33.55,0.0028
33.52,0.0199
33.51,0.0063
33.47,0.0022
33.46,0.0023
33.44,0.0070
33.42,0.0017
33.40,0.0145
33.39,0.0046
33.37,0.0097
33.37,0.0026
33.34,0.0042
33.33,0.0031
33.32,0.0004
33.31,0.0022
33.30,0.0038
33.29,0.0044
33.26,0.0128
33.24,0.0052
33.24,0.0089
33.23,0.0141
33.22,0.0359
33.19,0.0008
33.19,0.0213
33.16,0.0035
33.14,0.0058
33.12,0.0066
33.12,0.0137
33.10,0.0013
33.09,0.0008
33.07,0.0033
33.04,0.0114
33.04,0.0179
33.02,0.0077
33.00,0.0054
32.99,0.0053
32.96,0.0122
32.94,0.0044
32.92,0.0142
32.91,0.0218
32.89,0.0032
32.87,0.0197
32.85,0.0201
32.83,0.0042
32.80,0.0092
32.79,0.0088
32.78,0.0160
32.76,0.0170
32.75,0.0130
32.73,0.0042
32.69,0.0146
32.68,0.0028
32.68,0.0069
32.67,0.0012
32.66,0.0060
32.64,0.0174
32.63,0.0014
32.62,0.0069
32.59,0.0078
32.56,0.0067
32.56,0.0204
32.54,0.0056
32.53,0.0088
32.52,0.0053
32.52,0.0050
32.47,0.0030
32.44,0.0016
32.43,0.0067
32.42,0.0238
32.40,0.0131
32.37,0.0203
32.37,0.0043
32.34,0.0058
32.33,0.0028
32.31,0.0019
32.31,0.0023
32.29,0.0014
32.28,0.0154
32.27,0.0199
32.25,0.0040
32.21,0.0120
32.20,0.0045
32.19,0.0128
32.18,0.0044
32.16,0.0054
32.15,0.0010
32.14,0.0063
32.13,0.0029
32.11,0.0040
32.10,0.0067
32.08,0.0027
32.07,0.0010
32.06,0.0273
32.04,0.0130
32.02,0.0011
32.02,0.0051
32.01,0.0030
32.00,0.0027
31.99,0.0144
31.98,0.0046
31.96,0.0034
31.94,0.0078
31.93,0.0028
31.92,0.0002
31.89,0.0023
31.88,0.0037
31.86,0.0018
31.83,0.0033
31.81,0.0022
31.80,0.0010
31.78,0.0021
31.78,0.0111
31.76,0.0085
31.75,0.0071
31.72,0.0084
31.70,0.0035
31.69,0.0021
31.67,0.0039
31.66,0.0026
31.65,0.0107
31.63,0.0030
31.62,0.0190
31.61,0.0061
31.60,0.0167
31.58,0.0022
31.56,0.0014
31.55,0.0073
31.52,0.0038
31.49,0.0119
31.48,0.0008
31.47,0.0012
31.45,0.0066
31.44,0.0092
31.42,0.0063
31.41,0.0052
31.38,0.0092
31.38,0.0020
31.35,0.0146
31.33,0.0287
31.30,0.0054
31.28,0.0035
31.27,0.0091
31.26,0.0084
31.25,0.0045
31.24,0.0012
31.24,0.0041
31.21,0.0058
31.20,0.0019
31.18,0.0146
31.16,0.0101
31.15,0.0136
31.13,0.0008
31.12,0.0056
31.10,0.0032
31.10,0.0098
31.08,0.0062
31.07,0.0057
31.04,0.0029
31.03,0.0083
31.01,0.0189
30.99,0.0054
30.98,0.0003
30.97,0.0023
30.96,0.0060
30.95,0.0058
30.93,0.0195
30.91,0.0021
30.89,0.0054
30.88,0.0061
30.86,0.0126
30.86,0.0073
30.84,0.0054
30.83,0.0036
30.81,0.0015
30.80,0.0039
30.78,0.0034
30.77,0.0068
30.76,0.0058
30.76,0.0035
30.74,0.0034
30.71,0.0036
30.71,0.0061
30.68,0.0036
30.66,0.0039
30.65,0.0065
30.65,0.0118
30.61,0.0003
30.60,0.0112
30.58,0.0226
30.55,0.0051
30.55,0.0020
30.52,0.0009
30.51,0.0128
30.51,0.0021
30.48,0.0058
30.48,0.0026
30.46,0.0064
30.45,0.0016
30.43,0.0155
30.41,0.0145
30.41,0.0026
30.40,0.0130
30.37,0.0012
30.35,0.0034
30.34,0.0011
30.33,0.0020
30.31,0.0055
30.27,0.0061
30.27,0.0048
30.25,0.0043
30.24,0.0039
30.22,0.0014
30.20,0.0001
30.19,0.0055
30.17,0.0108
30.16,0.0086
30.16,0.0068
30.13,0.0044
30.12,0.0027
30.12,0.0038
30.11,0.0022
30.10,0.0182
30.07,0.0020
30.06,0.0057
30.05,0.0011
30.03,0.0016
30.01,0.0119
30.00,0.0035
29.99,0.0017
29.98,0.0004
29.98,0.0034
29.97,0.0081
29.93,0.0005
29.93,0.0022
29.92,0.0073
29.89,0.0012
29.88,0.0030
29.86,0.0042
29.85,0.0014
29.85,0.0020
29.82,0.0164
29.81,0.0134
29.80,0.0047
29.77,0.0063
29.77,0.0075
29.76,0.0026
29.74,0.0100
29.74,0.0088
29.73,0.0027
29.71,0.0126
29.69,0.0040
29.68,0.0118
29.67,0.0032
29.65,0.0010
29.65,0.0015
29.62,0.0049
29.61,0.0003
29.60,0.0120
29.58,0.0010
29.56,0.0056
29.54,0.0011
29.54,0.0028
29.52,0.0023
29.49,0.0117
29.48,0.0014
29.48,0.0106
29.47,0.0052
29.46,0.0001
29.45,0.0014
29.44,0.0070
29.42,0.0046
29.42,0.0116
29.39,0.0034
29.38,0.0158
29.37,0.0121
29.35,0.0025
29.34,0.0016
29.33,0.0118
29.32,0.0059
29.31,0.0068
29.29,0.0007
29.27,0.0011
29.22,0.0054
29.21,0.0082
29.19,0.0005
29.18,0.0017
29.17,0.0043
29.16,0.0003
29.14,0.0006
29.13,0.0030
29.12,0.0060
29.10,0.0018
29.08,0.0047
29.07,0.0031
29.06,0.0016
29.05,0.0037
29.02,0.0076
28.99,0.0119
28.97,0.0076
28.97,0.0026
28.94,0.0058
28.93,0.0011
28.91,0.0041
28.90,0.0080
28.88,0.0046
28.87,0.0023
28.86,0.0049
28.83,0.0013
28.81,0.0035
28.81,0.0070
28.80,0.0006
28.79,0.0065
28.77,0.0134
28.77,0.0023
28.75,0.0094
28.74,0.0061
28.74,0.0041
28.71,0.0018
28.69,0.0006
28.68,0.0119
28.65,0.0027
28.63,0.0016
28.63,0.0030
28.60,0.0025
28.59,0.0009
28.58,0.0042
28.57,0.0054
28.55,0.0027
28.54,0.0042
28.51,0.0035
28.50,0.0066
28.50,0.0026
28.48,0.0033
28.47,0.0073
28.44,0.0048
28.43,0.0030
28.42,0.0009
28.41,0.0025
28.38,0.0108
28.37,0.0026
28.35,0.0019
28.34,0.0068
28.32,0.0131
28.31,0.0023
28.30,0.0122
28.28,0.0041
28.25,0.0305
28.23,0.0248
28.22,0.0005
28.21,0.0084
28.18,0.0158
28.14,0.0068
28.14,0.0077
28.12,0.0064
28.10,0.0025
28.09,0.0058
28.09,0.0005
28.07,0.0034
28.06,0.0018
28.03,0.0015
28.02,0.0053
27.99,0.0012
27.97,0.0067
27.94,0.0045
27.94,0.0076
27.93,0.0144
27.91,0.0020
27.90,0.0005
27.89,0.0053
27.89,0.0043
27.86,0.0007
27.85,0.0145
27.84,0.0009
27.82,0.0088
27.80,0.0042
27.79,0.0042
27.77,0.0021
27.76,0.0034
27.75,0.0045
27.73,0.0039
27.72,0.0036
27.71,0.0102
27.69,0.0042
27.68,0.0136
27.66,0.0033
27.65,0.0055
27.63,0.0007
27.63,0.0087
27.61,0.0005
27.59,0.0027
27.59,0.0030
27.58,0.0039
27.55,0.0026
27.54,0.0013
27.52,0.0036
27.50,0.0092
27.47,0.0046
27.47,0.0031
27.45,0.0022
27.43,0.0023
27.42,0.0018
27.39,0.0045
27.39,0.0008
27.38,0.0106
27.32,0.0026
27.31,0.0138
27.30,0.0011
27.28,0.0045
27.27,0.0010
27.26,0.0029
27.25,0.0046
27.24,0.0026
27.21,0.0155
27.19,0.0028
27.17,0.0057
27.17,0.0068
27.15,0.0022
27.12,0.0205
27.11,0.0011
27.10,0.0159
27.10,0.0050
27.07,0.0019
27.06,0.0020
27.05,0.0121
27.02,0.0065
27.00,0.0162
26.98,0.0093
26.95,0.0007
26.93,0.0065
26.93,0.0008
26.90,0.0026
26.89,0.0030
26.88,0.0078
26.86,0.0044
26.84,0.0114
26.82,0.0022
26.80,0.0029
26.76,0.0025
26.75,0.0030
26.73,0.0107
26.72,0.0038
26.71,0.0018
26.69,0.0134
26.69,0.0036
26.67,0.0180
26.66,0.0034
26.60,0.0009
26.59,0.0025
26.58,0.0040
26.56,0.0155
26.55,0.0012
26.55,0.0093
26.54,0.0030
26.53,0.0008
26.52,0.0042
26.50,0.0030
26.49,0.0032
26.48,0.0032
26.45,0.0061
26.44,0.0120
26.43,0.0009
26.41,0.0064
26.40,0.0033
26.38,0.0044
26.37,0.0072
26.35,0.0015
26.34,0.0047
26.33,0.0001
26.32,0.0010
26.31,0.0139
26.30,0.0075
26.26,0.0023
26.25,0.0036
26.24,0.0132
26.19,0.0077
26.17,0.0048
26.16,0.0056
26.13,0.0077
26.10,0.0012
26.08,0.0066
26.07,0.0007
26.07,0.0012
26.06,0.0018
26.05,0.0013
26.03,0.0014
26.01,0.0018
25.99,0.0016
25.98,0.0022
25.96,0.0024
25.96,0.0010
25.92,0.0076
25.90,0.0033
25.90,0.0041
25.88,0.0164
25.84,0.0025
25.82,0.0099
25.81,0.0021
25.79,0.0020
25.77,0.0042
25.76,0.0036
25.76,0.0013
25.72,0.0020
25.72,0.0018
25.70,0.0023
25.69,0.0022
25.66,0.0031
25.64,0.0178
25.63,0.0023
25.62,0.0015
25.61,0.0017
25.61,0.0065
25.59,0.0021
25.56,0.0157
25.53,0.0041
25.50,0.0003
25.48,0.0051
25.47,0.0013
25.43,0.0047
25.39,0.0249
25.38,0.0072
25.36,0.0078
25.34,0.0040
25.34,0.0039
25.32,0.0011
25.31,0.0033
25.28,0.0021
25.26,0.0073
25.24,0.0227
25.23,0.0041
25.22,0.0109
25.20,0.0074
25.18,0.0246
25.15,0.0007
25.13,0.0046
25.07,0.0065
25.07,0.0117
25.06,0.0076
25.03,0.0055
25.01,0.0022
24.99,0.0010
24.97,0.0068
24.96,0.0010
24.94,0.0147
24.91,0.0056
24.90,0.0024
24.85,0.0105
24.84,0.0043
24.84,0.0167
24.83,0.0056
24.81,0.0109
24.79,0.0219
24.76,0.0030
24.76,0.0046
24.73,0.0104
24.72,0.0064
24.66,0.0011
24.66,0.0025
24.65,0.0012
24.61,0.0028
24.59,0.0001
24.58,0.0014
24.58,0.0031
24.56,0.0023
24.54,0.0015
24.52,0.0032
24.49,0.0017
24.45,0.0073
24.43,0.0006
24.40,0.0195
24.39,0.0067
24.38,0.0058
24.35,0.0010
24.32,0.0111
24.29,0.0169
24.28,0.0069
24.25,0.0029
24.24,0.0080
24.22,0.0066
24.21,0.0116
24.19,0.0131
24.18,0.0077
24.17,0.0046
24.15,0.0230
24.13,0.0066
24.11,0.0016
24.07,0.0056
24.06,0.0106
24.03,0.0004
24.00,0.0019
23.99,0.0127
23.98,0.0082
23.96,0.0032
23.94,0.0009
23.93,0.0044
23.91,0.0054
23.90,0.0005
23.88,0.0215
23.87,0.0054
23.84,0.0112
23.83,0.0033
23.81,0.0003
23.78,0.0011
23.77,0.0088
23.73,0.0045
23.73,0.0299
23.70,0.0023
23.70,0.0073
23.68,0.0069
23.67,0.0165
23.66,0.0003
23.63,0.0249
23.61,0.0261
23.60,0.0047
23.58,0.0039
23.58,0.0101
23.55,0.0050
23.54,0.0084
23.52,0.0029
23.51,0.0008
23.49,0.0025
23.48,0.0224
23.47,0.0363
23.44,0.0003
23.43,0.0013
23.42,0.0100
23.38,0.0067
23.37,0.0034
23.36,0.0203
23.34,0.0300
23.33,0.0003
23.29,0.0191
23.26,0.0031
23.26,0.0212
23.24,0.0207
23.22,0.0022
23.21,0.0029
23.20,0.0003
23.17,0.0158
23.15,0.0052
23.14,0.0005
23.13,0.0109
23.12,0.0152
23.11,0.0099
23.09,0.0288
23.08,0.0119
23.05,0.0027
23.02,0.0481
23.02,0.0135
22.99,0.0233
22.98,0.0009
22.97,0.0118
22.94,0.0080
22.94,0.0016
22.93,0.0075
22.92,0.0010
22.91,0.0012
22.90,0.0013
22.89,0.0013
22.89,0.0020
22.87,0.0052
22.82,0.0029
22.79,0.0235
22.78,0.0441
22.76,0.0050
22.74,0.0097
22.71,0.0039
22.69,0.0040
22.68,0.0083
22.65,0.0011
22.64,0.0038
22.63,0.0096
22.60,0.0083
22.60,0.0118
22.59,0.0010
22.58,0.0011
22.58,0.0074
22.56,0.0146
22.54,0.0282
22.52,0.0061
22.51,0.0063
22.49,0.0101
22.49,0.0041
22.48,0.0020
22.48,0.0006
22.46,0.0022
22.45,0.0007
22.44,0.0136
22.41,0.0118
22.40,0.0013
22.39,0.0214
22.36,0.0159
22.33,0.0028
22.33,0.0030
22.31,0.0121
22.30,0.0166
22.29,0.0082
22.28,0.0277
22.26,0.0426
22.25,0.0004
22.24,0.0201
22.22,0.0050
22.21,0.0139
22.19,0.0012
22.19,0.0144
22.17,0.0029
22.17,0.0091
22.15,0.0039
22.14,0.0017
22.13,0.0016
22.11,0.0030
22.09,0.0010
22.06,0.0017
22.05,0.0069
22.05,0.0075
22.04,0.0178
22.02,0.0091
22.01,0.0060
21.99,0.0102
21.98,0.0308
21.97,0.0100
21.95,0.0098
21.92,0.0019
21.91,0.0144
21.89,0.0069
21.88,0.0072
21.86,0.0271
21.83,0.0047
21.81,0.0090
21.80,0.0037
21.78,0.0053
21.76,0.0021
21.76,0.0046
21.74,0.0182
21.74,0.0154
21.72,0.0034
21.69,0.0239
21.69,0.0040
21.66,0.0054
21.66,0.0035
21.64,0.0071
21.64,0.0133
21.63,0.0244
21.60,0.0011
21.60,0.0037
21.59,0.0236
21.58,0.0100
21.58,0.0022
21.57,0.0044
21.56,0.0083
21.56,0.0029
21.54,0.0038
21.51,0.0008
21.50,0.0096
21.49,0.0148
21.48,0.0116
21.47,0.0146
21.45,0.0033
21.42,0.0012
21.41,0.0052
21.40,0.0058
21.39,0.0051
21.39,0.0084
21.38,0.0014
21.35,0.0017
21.35,0.0058
21.34,0.0043
21.33,0.0048
21.33,0.0032
21.32,0.0209
21.31,0.0018
21.30,0.0161
21.29,0.0039
21.28,0.0068
21.27,0.0019
21.25,0.0021
21.25,0.0121
21.24,0.0061
21.23,0.0124
21.20,0.0050
21.19,0.0162
21.18,0.0145
21.17,0.0009
21.16,0.0053
21.15,0.0065
21.13,0.0131
21.12,0.0081
21.11,0.0074
21.11,0.0380
21.09,0.0099
21.07,0.0067
21.06,0.0353
21.05,0.0080
21.03,0.0026
21.03,0.0025
21.02,0.0108
21.01,0.0136
21.01,0.0010
21.00,0.0175
21.00,0.0080
20.98,0.0015
20.97,0.0055
20.96,0.0038
20.95,0.0056
20.94,0.0070
20.92,0.0091
20.91,0.0040
20.90,0.0023
20.89,0.0027
20.88,0.0054
20.87,0.0077
20.86,0.0061
20.85,0.0051
20.84,0.0049
20.83,0.0117
20.83,0.0028
20.82,0.0101
20.81,0.0034
20.79,0.0001
20.79,0.0037
20.77,0.0065
20.76,0.0068
20.75,0.0031
20.74,0.0086
20.72,0.0081
20.72,0.0016
20.71,0.0032
20.70,0.0094
20.70,0.0007
20.69,0.0116
20.66,0.0144
20.64,0.0048
20.64,0.0022
20.62,0.0168
20.61,0.0084
20.60,0.0021
20.59,0.0075
20.59,0.0009
20.58,0.0064
20.57,0.0132
20.54,0.0087
20.53,0.0029
20.51,0.0021
20.50,0.0223
20.50,0.0043
20.48,0.0054
20.47,0.0217
20.46,0.0011
20.45,0.0018
20.44,0.0072
20.44,0.0007
20.43,0.0262
20.43,0.0045
20.42,0.0188
20.40,0.0028
20.39,0.0011
20.38,0.0056
20.37,0.0063
20.37,0.0030
20.36,0.0021
20.35,0.0059
20.34,0.0045
20.33,0.0084
20.30,0.0028
20.29,0.0057
20.29,0.0081
20.28,0.0023
20.27,0.0079
20.27,0.0051
20.26,0.0075
20.25,0.0025
20.24,0.0008
20.23,0.0020
20.22,0.0034
20.22,0.0134
20.20,0.0090
20.19,0.0065
20.18,0.0010
20.17,0.0108
20.16,0.0056
20.14,0.0130
20.13,0.0016
20.13,0.0037
20.12,0.0030
20.11,0.0010
20.11,0.0036
20.10,0.0043
20.10,0.0054
20.08,0.0093
20.08,0.0023
20.07,0.0080
20.05,0.0014
20.04,0.0089
20.04,0.0113
20.03,0.0015
20.02,0.0076
20.00,0.0030
19.98,0.0012
19.98,0.0011
19.97,0.0030
19.96,0.0051
19.95,0.0013
19.95,0.0133
19.94,0.0091
19.93,0.0025
19.93,0.0032
19.92,0.0027
19.91,0.0092
19.91,0.0011
19.90,0.0063
19.89,0.0025
19.88,0.0142
19.87,0.0068
19.87,0.0014
19.86,0.0036
19.85,0.0044
19.84,0.0039
19.83,0.0119
19.82,0.0041
19.82,0.0101
19.80,0.0028
19.78,0.0083
19.77,0.0145
19.76,0.0120
19.75,0.0003
19.74,0.0049
19.73,0.0002
19.73,0.0049
19.72,0.0039
19.72,0.0019
19.71,0.0041
19.69,0.0049
19.69,0.0017
19.67,0.0019
19.66,0.0049
19.65,0.0144
19.65,0.0022
19.62,0.0030
19.62,0.0057
19.60,0.0035
19.60,0.0091
19.58,0.0026
19.57,0.0027
19.57,0.0013
19.57,0.0029
19.57,0.0027
19.54,0.0025
19.53,0.0050
19.53,0.0037
19.52,0.0005
19.50,0.0016
19.49,0.0033
19.49,0.0028
19.47,0.0114
19.46,0.0040
19.45,0.0063
19.44,0.0091
19.43,0.0034
19.43,0.0027
19.43,0.0019
19.42,0.0066
19.42,0.0181
19.41,0.0040
19.40,0.0034
19.39,0.0030
19.39,0.0062
19.37,0.0027
19.37,0.0024
19.34,0.0047
19.34,0.0069
19.33,0.0086
19.33,0.0007
19.32,0.0031
19.31,0.0019
19.30,0.0027
19.29,0.0012
19.29,0.0080
19.28,0.0022
19.26,0.0005
19.26,0.0034
19.26,0.0038
19.25,0.0093
19.24,0.0049
19.23,0.0078
19.22,0.0020
19.22,0.0029
19.21,0.0010
19.19,0.0034
19.19,0.0043
19.18,0.0039
19.17,0.0061
19.16,0.0065
19.14,0.0043
19.14,0.0015
19.13,0.0089
19.13,0.0056
19.13,0.0019
19.11,0.0046
19.10,0.0034
19.10,0.0125
19.09,0.0021
19.09,0.0042
19.08,0.0009
19.07,0.0026
19.06,0.0013
19.06,0.0024
19.05,0.0017
19.05,0.0034
19.03,0.0010
19.01,0.0037
19.01,0.0005
19.00,0.0019
18.99,0.0058
18.98,0.0040
18.97,0.0077
18.97,0.0031
18.96,0.0008
18.96,0.0066
18.95,0.0039
18.94,0.0054
18.93,0.0004
18.92,0.0063
18.92,0.0039
18.91,0.0064
18.90,0.0012
18.89,0.0046
18.88,0.0018
18.88,0.0025
18.87,0.0062
18.86,0.0009
18.85,0.0047
18.84,0.0021
18.84,0.0051
18.83,0.0003
18.81,0.0064
18.81,0.0058
18.80,0.0015
18.79,0.0037
18.79,0.0115
18.77,0.0047
18.77,0.0007
18.76,0.0064
18.74,0.0038
18.73,0.0014
18.72,0.0079
18.72,0.0019
18.70,0.0041
18.69,0.0062
18.68,0.0110
18.67,0.0202
18.66,0.0087
18.65,0.0080
18.65,0.0023
18.64,0.0051
18.63,0.0014
18.63,0.0003
18.62,0.0032
18.61,0.0017
18.61,0.0004
18.60,0.0011
18.59,0.0098
18.58,0.0003
18.58,0.0022
18.57,0.0078
18.57,0.0051
18.56,0.0065
18.53,0.0000
18.52,0.0036
18.52,0.0088
18.52,0.0025
18.51,0.0043
18.51,0.0026
18.51,0.0065
18.49,0.0022
18.48,0.0096
18.47,0.0069
18.47,0.0016
18.46,0.0065
18.45,0.0016
18.44,0.0021
18.42,0.0004
18.41,0.0108
18.40,0.0027
18.39,0.0185
18.38,0.0088
18.37,0.0003
18.36,0.0163
18.35,0.0026
18.35,0.0049
18.34,0.0182
18.33,0.0007
18.33,0.0041
18.32,0.0046
18.32,0.0106
18.31,0.0313
18.30,0.0033
18.28,0.0195
18.27,0.0023
18.26,0.0022
18.25,0.0222
18.24,0.0047
18.22,0.0025
18.22,0.0029
18.19,0.0004
18.19,0.0021
18.18,0.0044
18.17,0.0001
18.16,0.0075
18.16,0.0014
18.14,0.0064
18.13,0.0014
18.12,0.0019
18.11,0.0205
18.10,0.0013
18.09,0.0016
18.08,0.0068
18.07,0.0008
18.07,0.0007
18.05,0.0066
18.03,0.0029
18.03,0.0050
18.01,0.0064
18.01,0.0016
18.01,0.0030
18.00,0.0005
17.99,0.0080
17.98,0.0058
17.98,0.0060
17.97,0.0092
17.96,0.0208
17.95,0.0077
17.95,0.0022
17.94,0.0091
17.93,0.0053
17.92,0.0093
17.91,0.0033
17.91,0.0049
17.90,0.0029
17.89,0.0018
17.88,0.0049
17.88,0.0012
17.87,0.0091
17.86,0.0039
17.86,0.0029
17.84,0.0009
17.83,0.0071
17.83,0.0029
17.83,0.0014
17.82,0.0015
17.81,0.0020
17.81,0.0062
17.80,0.0078
17.79,0.0006
17.79,0.0059
17.78,0.0063
17.77,0.0061
17.76,0.0025
17.75,0.0175
17.74,0.0092
17.72,0.0037
17.72,0.0008
17.70,0.0040
17.69,0.0024
17.69,0.0251
17.68,0.0084
17.67,0.0046
17.65,0.0027
17.64,0.0016
17.63,0.0042
17.63,0.0051
17.63,0.0056
17.62,0.0088
17.60,0.0141
17.58,0.0130
17.58,0.0032
17.57,0.0006
17.57,0.0094
17.55,0.0026
17.54,0.0004
17.53,0.0012
17.52,0.0056
17.52,0.0141
17.51,0.0038
17.51,0.0045
17.50,0.0228
17.48,0.0026
17.47,0.0003
17.47,0.0009
17.45,0.0022
17.45,0.0008
17.43,0.0071
17.43,0.0044
17.42,0.0038
17.40,0.0047
17.39,0.0022
17.37,0.0048
17.37,0.0027
17.37,0.0154
17.36,0.0018
17.36,0.0036
17.34,0.0060
17.33,0.0009
17.32,0.0007
17.31,0.0007
17.29,0.0027
17.28,0.0009
17.27,0.0010
17.26,0.0041
17.25,0.0013
17.23,0.0048
17.23,0.0010
17.23,0.0045
17.21,0.0026
17.19,0.0025
17.19,0.0008
17.18,0.0100
17.17,0.0008
17.16,0.0012
17.15,0.0174
17.14,0.0127
17.13,0.0190
17.12,0.0122
17.11,0.0042
17.10,0.0010
17.09,0.0034
17.08,0.0040
17.07,0.0010
17.07,0.0085
17.05,0.0081
17.05,0.0043
17.04,0.0034
17.03,0.0002
17.02,0.0007
17.00,0.0023
17.00,0.0039
16.99,0.0034
16.98,0.0021
16.98,0.0018
16.97,0.0019
16.96,0.0006
16.95,0.0015
16.94,0.0013
16.92,0.0002
16.91,0.0078
16.91,0.0096
16.90,0.0009
16.88,0.0007
16.88,0.0001
16.87,0.0022
16.86,0.0022
16.85,0.0021
16.85,0.0078
16.84,0.0054
16.83,0.0183
16.83,0.0046
16.82,0.0019
16.81,0.0031
16.80,0.0016
16.79,0.0028
16.78,0.0107
16.78,0.0099
16.77,0.0019
16.77,0.0029
16.76,0.0032
16.75,0.0056
16.73,0.0021
16.71,0.0020
16.71,0.0005
16.70,0.0051
16.69,0.0012
16.69,0.0028
16.68,0.0017
16.67,0.0090
16.65,0.0016
16.64,0.0049
16.64,0.0043
16.63,0.0036
16.61,0.0012
16.61,0.0019
16.60,0.0163
16.59,0.0183
16.58,0.0060
16.58,0.0021
16.57,0.0073
16.56,0.0038
16.56,0.0101
16.54,0.0044
16.53,0.0009
16.53,0.0029
16.52,0.0014
16.50,0.0045
16.50,0.0164
16.50,0.0019
16.48,0.0036
16.47,0.0039
16.46,0.0079
16.45,0.0041
16.44,0.0200
16.44,0.0029
16.44,0.0061
16.42,0.0111
16.41,0.0202
16.40,0.0064
16.40,0.0112
16.40,0.0006
16.39,0.0130
16.38,0.0246
16.37,0.0062
16.37,0.0243
16.36,0.0124
16.34,0.0115
16.34,0.0025
16.33,0.0150
16.33,0.0058
16.31,0.0160
16.31,0.0077
16.30,0.0103
16.29,0.0067
16.28,0.0008
16.27,0.0089
16.27,0.0106
16.26,0.0064
16.26,0.0109
16.26,0.0038
16.25,0.0069
16.25,0.0243
16.24,0.0022
16.22,0.0050
16.21,0.0022
16.20,0.0091
16.20,0.0059
16.19,0.0199
16.18,0.0122
16.17,0.0027
16.16,0.0108
16.15,0.0122
16.15,0.0025
16.15,0.0042
16.14,0.0106
16.13,0.0024
16.12,0.0029
16.11,0.0174
16.11,0.0020
16.10,0.0039
16.09,0.0050
16.08,0.0050
16.07,0.0004
16.07,0.0104
16.06,0.0063
16.06,0.0264
16.05,0.0122
16.04,0.0031
16.03,0.0065
16.02,0.0061
16.01,0.0099
16.00,0.0147
15.99,0.0057
15.98,0.0025
15.97,0.0107
15.97,0.0010
15.95,0.0085
15.93,0.0095
15.92,0.0013
15.92,0.0028
15.91,0.0058
15.90,0.0095
15.89,0.0018
15.89,0.0019
15.87,0.0024
15.87,0.0021
15.86,0.0059
15.85,0.0072
15.84,0.0107
15.83,0.0037
15.82,0.0013
15.81,0.0088
15.81,0.0048
15.80,0.0029
15.80,0.0219
15.79,0.0075
15.78,0.0006
15.78,0.0025
15.77,0.0066
15.76,0.0041
15.74,0.0121
15.74,0.0053
15.73,0.0049
15.72,0.0048
15.70,0.0051
15.70,0.0050
15.69,0.0062
15.69,0.0106
15.68,0.0013
15.67,0.0048
15.65,0.0022
15.64,0.0137
15.64,0.0043
15.63,0.0009
15.62,0.0080
15.62,0.0004
15.61,0.0017
15.60,0.0056
15.60,0.0063
15.59,0.0017
15.58,0.0024
15.57,0.0033
15.57,0.0055
15.56,0.0146
15.54,0.0063
15.54,0.0017
15.52,0.0226
15.52,0.0011
15.51,0.0021
15.50,0.0127
15.48,0.0111
15.47,0.0020
15.47,0.0030
15.46,0.0049
15.46,0.0005
15.45,0.0024
15.45,0.0001
15.44,0.0040
15.44,0.0021
15.43,0.0031
15.42,0.0007
15.41,0.0009
15.40,0.0009
15.39,0.0074
15.37,0.0133
15.36,0.0181
15.36,0.0076
15.35,0.0028
15.33,0.0062
15.33,0.0006
15.33,0.0025
15.31,0.0053
15.31,0.0056
15.29,0.0126
15.29,0.0093
15.28,0.0077
15.27,0.0099
15.26,0.0003
15.25,0.0043
15.24,0.0087
15.23,0.0153
15.22,0.0021
15.21,0.0016
15.21,0.0037
15.19,0.0008
15.18,0.0096
15.18,0.0055
15.17,0.0040
15.16,0.0028
15.15,0.0096
15.14,0.0017
15.14,0.0017
15.13,0.0084
15.12,0.0005
15.11,0.0087
15.09,0.0009
15.07,0.0276
15.06,0.0016
15.05,0.0023
15.03,0.0019
15.02,0.0011
15.01,0.0046
15.00,0.0014
14.99,0.0012
14.99,0.0124
14.97,0.0139
14.97,0.0115
14.96,0.0091
14.96,0.0038
14.95,0.0243
14.94,0.0012
14.93,0.0025
14.91,0.0041
14.91,0.0018
14.90,0.0012
14.90,0.0000
14.88,0.0068
14.88,0.0069
14.87,0.0017
14.86,0.0023
14.85,0.0012
14.84,0.0002
14.84,0.0035
14.83,0.0046
14.82,0.0090
14.80,0.0009
14.79,0.0061
14.79,0.0017
14.78,0.0097
14.77,0.0051
14.76,0.0004
14.75,0.0017
14.74,0.0040
14.72,0.0115
14.72,0.0080
14.71,0.0029
14.70,0.0008
14.70,0.0028
14.68,0.0064
14.67,0.0096
14.67,0.0215
14.65,0.0037
14.65,0.0004
14.64,0.0103
14.63,0.0103
14.63,0.0038
14.62,0.0126
14.61,0.0017
14.61,0.0012
14.60,0.0015
14.60,0.0007
14.58,0.0055
14.58,0.0001
14.56,0.0010
14.56,0.0124
14.53,0.0017
14.53,0.0003
14.52,0.0025
14.52,0.0041
14.50,0.0024
14.49,0.0022
14.49,0.0165
14.48,0.0088
14.47,0.0012
14.47,0.0057
14.47,0.0038
14.42,0.0001
14.40,0.0008
14.39,0.0048
14.39,0.0023
14.38,0.0176
14.37,0.0011
14.36,0.0041
14.35,0.0009
14.35,0.0002
14.34,0.0067
14.33,0.0020
14.32,0.0196
14.32,0.0070
14.29,0.0076
14.29,0.0017
14.28,0.0050
14.26,0.0104
14.25,0.0074
14.24,0.0007
14.22,0.0141
14.21,0.0128
14.21,0.0093
14.21,0.0017
14.20,0.0027
14.20,0.0093
14.17,0.0285
14.17,0.0031
14.16,0.0096
14.15,0.0067
14.14,0.0133
14.14,0.0092
14.13,0.0177
14.11,0.0095
14.11,0.0024
14.10,0.0043
14.08,0.0008
14.08,0.0055
14.08,0.0026
14.05,0.0009
14.05,0.0027
14.03,0.0035
14.02,0.0016
14.02,0.0064
14.02,0.0033
14.01,0.0031
14.00,0.0065
13.98,0.0021
13.98,0.0022
13.98,0.0045
13.97,0.0026
13.96,0.0003
13.94,0.0013
13.92,0.0005
13.91,0.0016
13.91,0.0032
13.91,0.0047
13.90,0.0077
13.90,0.0114
13.88,0.0070
13.87,0.0062
13.87,0.0010
13.85,0.0106
13.85,0.0144
13.83,0.0024
13.82,0.0043
13.82,0.0017
13.82,0.0047
13.81,0.0062
13.80,0.0020
13.79,0.0044
13.79,0.0067
13.76,0.0027
13.75,0.0013
13.74,0.0035
13.74,0.0003
13.72,0.0024
13.71,0.0195
13.69,0.0027
13.68,0.0042
13.66,0.0108
13.65,0.0062
13.65,0.0060
13.64,0.0085
13.64,0.0031
13.63,0.0003
13.62,0.0019
13.62,0.0058
13.60,0.0013
13.60,0.0070
13.58,0.0004
13.58,0.0043
13.58,0.0087
13.56,0.0253
13.55,0.0046
13.54,0.0078
13.53,0.0015
13.53,0.0200
13.52,0.0048
13.52,0.0004
13.51,0.0009
13.51,0.0025
13.49,0.0100
13.48,0.0055
13.48,0.0021
13.47,0.0082
13.46,0.0039
13.45,0.0281
13.44,0.0192
13.43,0.0023
13.43,0.0156
13.42,0.0596
13.42,0.0256
13.41,0.0125
13.40,0.0022
13.39,0.0111
13.38,0.0116
13.37,0.0035
13.37,0.0159
13.36,0.0031
13.35,0.0151
13.34,0.0045
13.34,0.0335
13.33,0.0028
13.33,0.0070
13.32,0.0196
13.31,0.0052
13.30,0.0064
13.29,0.0057
13.29,0.0003
13.27,0.0053
13.25,0.0055
13.24,0.0006
13.24,0.0021
13.23,0.0038
13.23,0.0089
13.22,0.0026
13.22,0.0202
13.22,0.0234
13.20,0.0059
13.19,0.0071
13.18,0.0023
13.17,0.0286
13.16,0.0215
13.15,0.0120
13.15,0.0018
13.14,0.0069
13.13,0.0121
13.12,0.0080
13.11,0.0033
13.10,0.0018
13.10,0.0169
13.09,0.0062
13.08,0.0019
13.07,0.0018
13.07,0.0020
13.06,0.0034
13.06,0.0015
13.05,0.0615
13.04,0.0046
13.03,0.0135
13.03,0.0089
13.02,0.0020
13.01,0.0070
13.01,0.0005
12.99,0.0032
12.98,0.0018
12.97,0.0031
12.97,0.0012
12.96,0.0118
12.95,0.0004
12.94,0.0032
12.93,0.0043
12.92,0.0004
12.91,0.0055
12.91,0.0109
12.90,0.0028
12.90,0.0076
12.89,0.0012
12.88,0.0007
12.88,0.0039
12.87,0.0009
12.86,0.0052
12.85,0.0007
12.85,0.0030
12.83,0.0012
12.82,0.0085
12.81,0.0006
12.81,0.0049
12.80,0.0017
12.80,0.0070
12.77,0.0024
12.77,0.0064
12.77,0.0003
12.76,0.0017
12.75,0.0068
12.74,0.0046
12.73,0.0016
12.73,0.0017
12.72,0.0047
12.71,0.0019
12.71,0.0025
12.70,0.0032
12.70,0.0008
12.70,0.0058
12.69,0.0061
12.66,0.0042
12.66,0.0043
12.65,0.0138
12.65,0.0011
12.63,0.0033
12.61,0.0037
12.60,0.0062
12.59,0.0028
12.58,0.0006
12.58,0.0006
12.57,0.0017
12.56,0.0006
12.55,0.0034
12.54,0.0079
12.52,0.0002
12.50,0.0008
12.49,0.0006
12.49,0.0006
12.46,0.0031
12.46,0.0004
12.45,0.0009
12.44,0.0008
12.43,0.0011
12.42,0.0038
12.42,0.0026
12.41,0.0021
12.39,0.0010
12.38,0.0025
12.37,0.0012
12.37,0.0085
12.36,0.0037
12.35,0.0014
12.34,0.0041
12.34,0.0009
12.33,0.0003
12.33,0.0052
12.32,0.0018
12.31,0.0013
12.29,0.0009
12.28,0.0042
12.27,0.0092
12.27,0.0032
12.26,0.0057
12.26,0.0115
12.25,0.0015
12.23,0.0008
12.23,0.0557
12.22,0.0197
12.19,0.0085
12.18,0.0005
12.18,0.0035
12.18,0.0012
12.17,0.0004
12.16,0.0228
12.15,0.0016
12.14,0.0063
12.14,0.0049
12.13,0.0058
12.13,0.0049
12.12,0.0008
12.12,0.0114
12.11,0.0133
12.10,0.0282
12.10,0.0113
12.09,0.0144
12.08,0.0240
12.07,0.0026
12.07,0.0158
12.06,0.0309
12.05,0.0324
12.04,0.0328
12.04,0.0086
12.03,0.0462
12.03,0.0038
12.02,0.0134
12.01,0.0144
12.00,0.0060
12.00,0.0089
12.00,0.0235
11.99,0.0211
11.99,0.0434
11.98,0.0006
11.97,0.0032
11.97,0.0013
11.96,0.0055
11.96,0.0274
11.95,0.0324
11.94,0.0081
11.93,0.0076
11.93,0.0170
11.92,0.0202
11.92,0.0022
11.91,0.0009
11.90,0.0036
11.89,0.0230
11.89,0.0049
11.88,0.0060
11.88,0.0147
11.86,0.0223
11.86,0.0756
11.85,0.0310
11.85,0.0042
11.84,0.0119
11.84,0.0007
11.84,0.0072
11.83,0.0031
11.83,0.0025
11.82,0.0327
11.82,0.0053
11.81,0.0221
11.81,0.0039
11.80,0.0123
11.79,0.0056
11.79,0.0036
11.78,0.0050
11.78,0.0118
11.77,0.0057
11.77,0.0050
11.76,0.0055
11.75,0.0118
11.75,0.0069
11.74,0.0038
11.74,0.0112
11.72,0.0067
11.72,0.0129
11.70,0.0395
11.70,0.0035
11.70,0.0140
11.69,0.0048
11.68,0.0030
11.68,0.0095
11.67,0.0141
11.66,0.0107
11.65,0.0271
11.64,0.0028
11.64,0.0176
11.63,0.0121
11.63,0.0167
11.62,0.0041
11.61,0.0038
11.61,0.0094
11.61,0.0039
11.59,0.0055
11.58,0.0082
11.58,0.0025
11.57,0.0219
11.56,0.0060
11.56,0.0532
11.55,0.0385
11.55,0.0104
11.55,0.0151
11.54,0.0269
11.52,0.0275
11.52,0.0430
11.51,0.0083
11.51,0.0074
11.51,0.0016
11.51,0.0013
11.50,0.0080
11.49,0.0545
11.48,0.0249
11.47,0.0147
11.46,0.0043
11.46,0.0155
11.45,0.0229
11.45,0.0080
11.45,0.0116
11.44,0.0033
11.44,0.0024
11.43,0.0042
11.43,0.0286
11.42,0.0934
11.42,0.0364
11.41,0.0659
11.41,0.0048
11.40,0.0356
11.39,0.0329
11.39,0.1172
11.38,0.0354
11.38,0.0519
11.38,0.0012
11.37,0.0950
11.36,0.0411
11.35,0.0376
11.34,0.0189
11.34,0.0497
11.32,0.0294
11.32,0.0150
11.31,0.0498
11.31,0.0025
11.31,0.0132
11.30,0.0121
11.30,0.0083
11.29,0.0235
11.29,0.0181
11.28,0.0008
11.28,0.0983
11.27,0.0321
11.26,0.0159
11.26,0.0083
11.26,0.0270
11.25,0.0217
11.24,0.0554
11.23,0.0074
11.23,0.0079
11.22,0.0280
11.21,0.0299
11.20,0.0184
11.20,0.0059
11.19,0.0742
11.18,0.0426
11.17,0.0986
11.16,0.0696
11.16,0.0349
11.14,0.0312
11.14,0.0143
11.14,0.0679
11.12,0.0494
11.12,0.0561
11.11,0.0261
11.10,0.0061
11.09,0.0612
11.09,0.0336
11.09,0.0385
11.08,0.0222
11.06,0.0158
11.05,0.0313
11.04,0.0147
11.03,0.0020
11.03,0.0144
11.02,0.0100
11.02,0.0026
11.01,0.0052
11.00,0.0011
10.99,0.0146
10.98,0.0016
10.98,0.0024
10.97,0.0011
10.95,0.0003
10.94,0.0004
10.94,0.0059
10.93,0.0017
10.92,0.0029
10.92,0.0026
10.90,0.0016
10.87,0.0005
10.86,0.0016
10.86,0.0022
10.86,0.0011
10.85,0.0009
10.84,0.0014
10.83,0.0016
10.81,0.0088
10.81,0.0010
10.79,0.0287
10.79,0.0059
10.79,0.1677
10.77,0.0004
10.76,0.0146
10.75,0.0062
10.75,0.0661
10.74,0.1129
10.73,0.0021
10.73,0.0820
10.72,0.0817
10.71,0.0073
10.71,0.0104
10.70,0.0039
10.68,0.0152
10.68,0.0801
10.68,0.0623
10.66,0.0186
10.66,0.0258
10.65,0.0270
10.64,0.1075
10.63,0.0058
10.62,0.0006
10.62,0.0647
10.60,0.0007
10.59,0.0339
10.58,0.0020
10.56,0.0773
10.55,0.0463
10.53,0.1274
10.52,0.0774
10.50,0.0287
10.48,0.0150
10.47,0.1128
10.45,0.1931
10.43,0.0010
10.42,0.1135
10.39,0.0130
10.37,0.0304
10.37,0.0520
10.35,0.0006
10.34,0.0342
10.32,0.0384
10.28,0.1604
10.26,0.0123
10.25,0.0021
10.23,0.0773
10.20,0.0471
10.19,0.0254
10.19,0.0004
10.17,0.0014
10.14,0.0800
10.12,0.0299
10.09,0.0030
10.07,0.0403
10.05,0.0266
10.02,0.0001
10.00,0.0003
9.98,0.0006
9.97,0.0003
9.96,0.0154
9.96,0.0037
9.95,0.0003
9.94,0.0016
9.91,0.0046
9.91,0.0011
9.88,0.0171
9.88,0.0031
9.88,0.0095
9.84,0.0160
9.84,0.0003
9.83,0.0005
9.80,0.0014
9.80,0.0032
9.79,0.0009
9.77,0.0100
9.76,0.0006
9.74,0.0002
9.74,0.0001
9.72,0.0016
9.72,0.0016
9.70,0.0006
9.70,0.0001
9.67,0.0001
9.66,0.0015
9.61,0.0003
9.61,0.0000
9.60,0.0016
9.59,0.0003
9.54,0.0009
9.49,0.0003
9.42,0.0000
9.03,0.0032
9.01,0.0005
8.98,0.0033
8.93,0.0000
8.86,0.0004
8.79,0.0002
